<manifest version="1.0" type="device">
    <hal format="hidl">
        <name>android.hardware.biometrics.fingerprint</name>
        <transport>hwbinder</transport>
        <version>2.1</version>
        <version>2.3</version>
        <interface>
            <name>IBiometricsFingerprint</name>
            <instance>default</instance>
        </interface>
        <fqname>@2.1::IBiometricsFingerprint/default</fqname>
        <fqname>@2.3::IBiometricsFingerprint/default</fqname>
    </hal>
    <hal format="hidl">
        <name>vendor.egistec.hardware.fingerprint</name>
        <transport>hwbinder</transport>
        <version>4.0</version>
        <interface>
            <name>IBiometricsFingerprintRbs</name>
            <instance>default</instance>
        </interface>
    </hal>
</manifest>
