<?xml version="1.0" encoding="UTF-8" standalone="yes"?>
<audioPolicyConfiguration version="1.0" xmlns:xi="http://www.w3.org/2001/XInclude">
    <!-- version section contains a “version” tag in the form “major.minor” e.g version=”1.0” -->

    <!-- Global configuration Decalaration -->
    <globalConfiguration speaker_drc_enabled="false"/>

    <!-- Modules section:
        There is one section per audio HW module present on the platform.
        Each module section will contains two mandatory tags for audio HAL “halVersion” and “name”.
        The module names are the same as in current .conf file:
                “primary”, “A2DP”, “remote_submix”, “USB”
        Each module will contain the following sections:
        “devicePorts”: a list of device descriptors for all input and output devices accessible via this
        module.
        This contains both permanently attached devices and removable devices.
        “mixPorts”: listing all output and input streams exposed by the audio HAL
        “routes”: list of possible connections between input and output devices or between stream and
        devices.
            "route": is defined by an attribute:
                -"type": <mux|mix> means all sources are mutual exclusive (mux) or can be mixed (mix)
                -"sink": the sink involved in this route
                -"sources": all the sources than can be connected to the sink via vis route
        “attachedDevices”: permanently attached devices.
        The attachedDevices section is a list of devices names. The names correspond to device names
        defined in <devicePorts> section.
        “defaultOutputDevice”: device to be used by default when no policy rule applies
    -->
    <modules>
        <!-- Primary Audio HAL -->
        <module name="primary" halVersion="2.0">
            <attachedDevices>
                <item>Earpiece</item>
                <item>Speaker</item>
                <item>Telephony Tx</item>
                <item>Built-In Mic</item>
                <item>Built-In Back Mic</item>
                <item>Telephony Rx</item>
                <item>FM tuner</item>
            </attachedDevices>
            <defaultOutputDevice>Speaker</defaultOutputDevice>
            <mixPorts>
                <mixPort name="primary output" role="source" flags="AUDIO_OUTPUT_FLAG_FAST|AUDIO_OUTPUT_FLAG_PRIMARY">
                    <profile name="" format="AUDIO_FORMAT_PCM_16_BIT"
                             samplingRates="44100,48000" channelMasks="AUDIO_CHANNEL_OUT_STEREO"/>
                </mixPort>
                <mixPort name="deep_buffer" role="source"
                        flags="AUDIO_OUTPUT_FLAG_DEEP_BUFFER">
                    <profile name="" format="AUDIO_FORMAT_PCM_16_BIT"
                             samplingRates="8000,11025,12000,16000,22050,24000,32000,44100,48000" channelMasks="AUDIO_CHANNEL_OUT_STEREO"/>
                </mixPort>
		<mixPort name="hifi_playback" role="source" />
                <mixPort name="direct_pcm" role="source"
                        flags="AUDIO_OUTPUT_FLAG_DIRECT">
                    <profile name="" format="AUDIO_FORMAT_PCM_16_BIT"
                             samplingRates="8000,11025,12000,16000,22050,24000,32000,44100,48000,64000,88200,96000,128000,176400,192000"
                             channelMasks="AUDIO_CHANNEL_OUT_MONO,AUDIO_CHANNEL_OUT_STEREO,AUDIO_CHANNEL_OUT_2POINT1,AUDIO_CHANNEL_OUT_QUAD,AUDIO_CHANNEL_OUT_PENTA,AUDIO_CHANNEL_OUT_5POINT1,AUDIO_CHANNEL_OUT_6POINT1,AUDIO_CHANNEL_OUT_7POINT1"/>
                    <profile name="" format="AUDIO_FORMAT_PCM_8_24_BIT"
                             samplingRates="8000,11025,12000,16000,22050,24000,32000,44100,48000,64000,88200,96000,128000,176400,192000,352800,384000"
                             channelMasks="AUDIO_CHANNEL_OUT_MONO,AUDIO_CHANNEL_OUT_STEREO,AUDIO_CHANNEL_OUT_2POINT1,AUDIO_CHANNEL_OUT_QUAD,AUDIO_CHANNEL_OUT_PENTA,AUDIO_CHANNEL_OUT_5POINT1,AUDIO_CHANNEL_OUT_6POINT1,AUDIO_CHANNEL_OUT_7POINT1"/>
                    <profile name="" format="AUDIO_FORMAT_PCM_24_BIT_PACKED"
                             samplingRates="8000,11025,12000,16000,22050,24000,32000,44100,48000,64000,88200,96000,128000,176400,192000,352800,384000"
                             channelMasks="AUDIO_CHANNEL_OUT_MONO,AUDIO_CHANNEL_OUT_STEREO,AUDIO_CHANNEL_OUT_2POINT1,AUDIO_CHANNEL_OUT_QUAD,AUDIO_CHANNEL_OUT_PENTA,AUDIO_CHANNEL_OUT_5POINT1,AUDIO_CHANNEL_OUT_6POINT1,AUDIO_CHANNEL_OUT_7POINT1"/>
                  <profile name="" format="AUDIO_FORMAT_PCM_32_BIT"
                             samplingRates="8000,11025,12000,16000,22050,24000,32000,44100,48000,64000,88200,96000,128000,176400,192000,352800,384000"
                             channelMasks="AUDIO_CHANNEL_OUT_MONO,AUDIO_CHANNEL_OUT_STEREO,AUDIO_CHANNEL_OUT_2POINT1,AUDIO_CHANNEL_OUT_QUAD,AUDIO_CHANNEL_OUT_PENTA,AUDIO_CHANNEL_OUT_5POINT1,AUDIO_CHANNEL_OUT_6POINT1,AUDIO_CHANNEL_OUT_7POINT1"/>
                </mixPort>
                <mixPort name="compressed_offload" role="source"
                         flags="AUDIO_OUTPUT_FLAG_DIRECT|AUDIO_OUTPUT_FLAG_COMPRESS_OFFLOAD|AUDIO_OUTPUT_FLAG_NON_BLOCKING">
                    <profile name="" format="AUDIO_FORMAT_MP3"
                             samplingRates="8000,11025,12000,16000,22050,24000,32000,44100,48000"
                             channelMasks="AUDIO_CHANNEL_OUT_STEREO,AUDIO_CHANNEL_OUT_MONO"/>
                    <profile name="" format="AUDIO_FORMAT_AAC_LC"
                             samplingRates="8000,11025,12000,16000,22050,24000,32000,44100,48000,64000,88200,96000"
                             channelMasks="AUDIO_CHANNEL_OUT_STEREO,AUDIO_CHANNEL_OUT_MONO"/>
                    <profile name="" format="AUDIO_FORMAT_AAC_HE_V1"
                             samplingRates="8000,11025,12000,16000,22050,24000,32000,44100,48000,64000,88200,96000"
                             channelMasks="AUDIO_CHANNEL_OUT_STEREO,AUDIO_CHANNEL_OUT_MONO"/>
                    <profile name="" format="AUDIO_FORMAT_AAC_HE_V2"
                             samplingRates="8000,11025,12000,16000,22050,24000,32000,44100,48000"
                             channelMasks="AUDIO_CHANNEL_OUT_STEREO,AUDIO_CHANNEL_OUT_MONO"/>
                    <profile name="" format="AUDIO_FORMAT_FLAC"
                             samplingRates="8000,11025,12000,16000,22050,24000,32000,44100,48000,88200,96000,176400,192000"
                             channelMasks="AUDIO_CHANNEL_OUT_STEREO,AUDIO_CHANNEL_OUT_MONO"/>
                </mixPort>
                <mixPort name="voice_tx" role="source">
                    <profile name="" format="AUDIO_FORMAT_PCM_16_BIT"
                             samplingRates="8000,16000,48000" channelMasks="AUDIO_CHANNEL_OUT_STEREO,AUDIO_CHANNEL_OUT_MONO"/>
                </mixPort>
                <mixPort name="primary input" role="sink">
                    <profile name="" format="AUDIO_FORMAT_PCM_16_BIT"
                             samplingRates="8000,11025,12000,16000,22050,24000,32000,44100,48000"
                             channelMasks="AUDIO_CHANNEL_IN_MONO,AUDIO_CHANNEL_IN_STEREO,AUDIO_CHANNEL_IN_FRONT_BACK,AUDIO_CHANNEL_IN_AMBISONIC,AUDIO_CHANNEL_INDEX_MASK_3,AUDIO_CHANNEL_INDEX_MASK_4"/>
                    <profile name="" format="AUDIO_FORMAT_PCM_8_24_BIT"
                             samplingRates="8000,11025,12000,16000,22050,24000,32000,44100,48000"
                             channelMasks="AUDIO_CHANNEL_IN_MONO,AUDIO_CHANNEL_IN_STEREO,AUDIO_CHANNEL_IN_FRONT_BACK,AUDIO_CHANNEL_IN_AMBISONIC,AUDIO_CHANNEL_INDEX_MASK_3,AUDIO_CHANNEL_INDEX_MASK_4"/>
                </mixPort>
                <mixPort name="scc input" role="sink" flags="AUDIO_INPUT_FLAG_HW_HOTWORD">
                    <profile name="" format="AUDIO_FORMAT_PCM_16_BIT"
                             samplingRates="16000"
                             channelMasks="AUDIO_CHANNEL_IN_MONO"/>
                </mixPort>
                <mixPort name="voice_rx" role="sink">
                    <profile name="" format="AUDIO_FORMAT_PCM_16_BIT"
                             samplingRates="8000,16000,48000" channelMasks="AUDIO_CHANNEL_IN_MONO,AUDIO_CHANNEL_IN_STEREO"/>
                </mixPort>
                <mixPort name="incall_music_uplink" role="source"
                        flags="AUDIO_OUTPUT_FLAG_INCALL_MUSIC">
                    <profile name="" format="AUDIO_FORMAT_PCM_16_BIT"
                             samplingRates="8000,16000,48000"
                             channelMasks="AUDIO_CHANNEL_OUT_STEREO"/>
                </mixPort>
                <mixPort name="hifi_input" role="sink" />
                <mixPort name="fm input" role="sink">
                    <profile name="" format="AUDIO_FORMAT_PCM_16_BIT"
                             samplingRates="44100,48000"
                             channelMasks="AUDIO_CHANNEL_IN_MONO,AUDIO_CHANNEL_IN_STEREO"/>
                </mixPort>
                <mixPort name="voip_rx" role="source"
                         flags="AUDIO_OUTPUT_FLAG_VOIP_RX">
                    <profile name="" format="AUDIO_FORMAT_PCM_16_BIT"
                             samplingRates="8000,16000,32000,48000" channelMasks="AUDIO_CHANNEL_OUT_MONO,AUDIO_CHANNEL_OUT_STEREO"/>
                </mixPort>
                <mixPort name="voip_tx" role="sink"
                         flags="AUDIO_INPUT_FLAG_VOIP_TX">
                    <profile name="" format="AUDIO_FORMAT_PCM_16_BIT"
                             samplingRates="8000,16000,32000,48000" channelMasks="AUDIO_CHANNEL_IN_MONO"/>
                </mixPort>
            </mixPorts>
            <devicePorts>
                <!-- Output devices declaration, i.e. Sink DEVICE PORT -->
                <devicePort tagName="Earpiece" type="AUDIO_DEVICE_OUT_EARPIECE" role="sink">
                </devicePort>
                <devicePort tagName="Speaker" type="AUDIO_DEVICE_OUT_SPEAKER" role="sink">
                </devicePort>
                <devicePort tagName="Wired Headset" type="AUDIO_DEVICE_OUT_WIRED_HEADSET" role="sink">
                </devicePort>
                <devicePort tagName="Wired Headphones" type="AUDIO_DEVICE_OUT_WIRED_HEADPHONE" role="sink">
                </devicePort>
                <devicePort tagName="Line Out" type="AUDIO_DEVICE_OUT_LINE" role="sink">
                </devicePort>
                <devicePort tagName="Dock Headset" type="AUDIO_DEVICE_OUT_ANLG_DOCK_HEADSET" role="sink">
                </devicePort>
                <devicePort tagName="BT SCO" type="AUDIO_DEVICE_OUT_BLUETOOTH_SCO" role="sink">
                </devicePort>
                <devicePort tagName="BT SCO Headset" type="AUDIO_DEVICE_OUT_BLUETOOTH_SCO_HEADSET" role="sink">
                </devicePort>
                <devicePort tagName="BT SCO Car Kit" type="AUDIO_DEVICE_OUT_BLUETOOTH_SCO_CARKIT" role="sink">
                </devicePort>
                <devicePort tagName="BT A2DP Out" type="AUDIO_DEVICE_OUT_BLUETOOTH_A2DP" role="sink"
                encodedFormats="AUDIO_FORMAT_SBC AUDIO_FORMAT_AAC AUDIO_FORMAT_LDAC AUDIO_FORMAT_APTX AUDIO_FORMAT_APTX_HD AUDIO_FORMAT_CELT AUDIO_FORMAT_APTX_ADAPTIVE">
                </devicePort>
                <devicePort tagName="BT A2DP Headphones" type="AUDIO_DEVICE_OUT_BLUETOOTH_A2DP_HEADPHONES" role="sink"
                encodedFormats="AUDIO_FORMAT_SBC AUDIO_FORMAT_AAC AUDIO_FORMAT_LDAC AUDIO_FORMAT_APTX AUDIO_FORMAT_APTX_HD AUDIO_FORMAT_CELT AUDIO_FORMAT_APTX_ADAPTIVE">
                </devicePort>
                <devicePort tagName="BT A2DP Speaker" type="AUDIO_DEVICE_OUT_BLUETOOTH_A2DP_SPEAKER" role="sink"
                encodedFormats="AUDIO_FORMAT_SBC AUDIO_FORMAT_AAC AUDIO_FORMAT_LDAC AUDIO_FORMAT_APTX AUDIO_FORMAT_APTX_HD AUDIO_FORMAT_CELT AUDIO_FORMAT_APTX_ADAPTIVE">
                </devicePort>
                <devicePort tagName="Proxy" type="AUDIO_DEVICE_OUT_PROXY" role="sink">
                </devicePort>
                <devicePort tagName="HDMI Out" type="AUDIO_DEVICE_OUT_HDMI" role="sink">
                </devicePort>
                <devicePort tagName="Telephony Tx" type="AUDIO_DEVICE_OUT_TELEPHONY_TX" role="sink">
                </devicePort>
                <devicePort tagName="USB Device Out" type="AUDIO_DEVICE_OUT_USB_DEVICE" role="sink">
                </devicePort>
                <devicePort tagName="USB Headset Out" type="AUDIO_DEVICE_OUT_USB_HEADSET" role="sink">
                </devicePort>
                <devicePort tagName="Built-In Mic" type="AUDIO_DEVICE_IN_BUILTIN_MIC" role="source">
                </devicePort>
                <devicePort tagName="Built-In Back Mic" type="AUDIO_DEVICE_IN_BACK_MIC" role="source">
                </devicePort>
                <devicePort tagName="Wired Headset Mic" type="AUDIO_DEVICE_IN_WIRED_HEADSET" role="source">
                </devicePort>
                <devicePort tagName="BT SCO Headset Mic" type="AUDIO_DEVICE_IN_BLUETOOTH_SCO_HEADSET" role="source">
                </devicePort>
                <devicePort tagName="Telephony Rx" type="AUDIO_DEVICE_IN_TELEPHONY_RX" role="source">
                </devicePort>
                <devicePort tagName="FM tuner" type="AUDIO_DEVICE_IN_FM_TUNER" role="source">
                </devicePort>
                <devicePort tagName="USB Device In" type="AUDIO_DEVICE_IN_USB_DEVICE" role="source">
                </devicePort>
                <devicePort tagName="USB Headset In" type="AUDIO_DEVICE_IN_USB_HEADSET" role="source">
                </devicePort>
            </devicePorts>
            <!-- route declaration, i.e. list all available sources for a given sink -->
            <routes>
                <route type="mix" sink="Earpiece"
                       sources="primary output,deep_buffer,direct_pcm,compressed_offload,voip_rx"/>
                <route type="mix" sink="Speaker"
                       sources="primary output,deep_buffer,direct_pcm,compressed_offload,voip_rx"/>
                <route type="mix" sink="Wired Headset"
                       sources="primary output,deep_buffer,direct_pcm,compressed_offload,voip_rx"/>
                <route type="mix" sink="Wired Headphones"
                       sources="primary output,deep_buffer,direct_pcm,compressed_offload,voip_rx"/>
                <route type="mix" sink="Line Out"
                       sources="primary output,deep_buffer,direct_pcm,compressed_offload,voip_rx"/>
                <route type="mix" sink="Dock Headset"
                       sources="primary output,deep_buffer,voip_rx"/>
                <route type="mix" sink="BT SCO"
                       sources="primary output,deep_buffer,direct_pcm,voip_rx"/>
                <route type="mix" sink="BT SCO Headset"
                       sources="primary output,deep_buffer,direct_pcm,voip_rx"/>
                <route type="mix" sink="BT SCO Car Kit"
                       sources="primary output,deep_buffer,direct_pcm,voip_rx"/>
                <route type="mix" sink="BT A2DP Out"
                       sources="primary output,deep_buffer,direct_pcm,compressed_offload,voip_rx"/>
                <route type="mix" sink="BT A2DP Headphones"
                       sources="primary output,deep_buffer,direct_pcm,compressed_offload,voip_rx"/>
                <route type="mix" sink="BT A2DP Speaker"
                       sources="primary output,deep_buffer,direct_pcm,compressed_offload,voip_rx"/>
                <route type="mix" sink="Proxy"
                       sources="primary output,deep_buffer,direct_pcm,compressed_offload,voip_rx"/>
                <route type="mix" sink="HDMI Out"
                       sources="primary output,deep_buffer,direct_pcm,compressed_offload,voip_rx"/>
                <route type="mix" sink="USB Device Out"
                       sources="primary output,deep_buffer,direct_pcm,compressed_offload,hifi_playback,voip_rx"/>
                <route type="mix" sink="USB Headset Out"
                       sources="primary output,deep_buffer,direct_pcm,compressed_offload,hifi_playback,voip_rx"/>
                <route type="mix" sink="Telephony Tx"
                       sources="voice_tx,incall_music_uplink"/>
                <route type="mix" sink="voice_rx"
                       sources="Telephony Rx"/>
                <route type="mix" sink="voip_tx"
                       sources="Built-In Mic,Built-In Back Mic,BT SCO Headset Mic,USB Device In,USB Headset In,Wired Headset Mic,Telephony Rx"/>
                <route type="mix" sink="primary input"
                       sources="Built-In Mic,Built-In Back Mic,Wired Headset Mic,BT SCO Headset Mic,USB Device In,USB Headset In"/>
                <route type="mix" sink="scc input"
                       sources="Built-In Mic,Wired Headset Mic"/>
                <route type="mix" sink="fm input"
                       sources="FM tuner"/>
                <route type="mix" sink="hifi_input" sources="USB Device In,USB Headset In" />
            </routes>
        </module>

        <!-- A2dp Audio HAL -->
        <module name="a2dp" halVersion="2.0">
            <mixPorts>
                <mixPort name="a2dp input" role="sink">
                    <profile name="" format="AUDIO_FORMAT_PCM_16_BIT"
                             samplingRates="44100,48000" channelMasks="AUDIO_CHANNEL_IN_MONO,AUDIO_CHANNEL_IN_STEREO"/>
                </mixPort>
            </mixPorts>

            <devicePorts>
                <devicePort tagName="BT A2DP In" type="AUDIO_DEVICE_IN_BLUETOOTH_A2DP" role="source">
                    <profile name="" format="AUDIO_FORMAT_PCM_16_BIT"
                             samplingRates="44100,48000" channelMasks="AUDIO_CHANNEL_IN_MONO,AUDIO_CHANNEL_IN_STEREO"/>
                </devicePort>
            </devicePorts>

            <routes>
                <route type="mix" sink="a2dp input"
                       sources="BT A2DP In"/>
            </routes>
        </module>

        <!-- Usb Audio HAL -->
        <xi:include href="usb_audio_policy_configuration.xml"/>

        <!-- Remote Submix Audio HAL -->
        <xi:include href="r_submix_audio_policy_configuration.xml"/>
        <!-- Bluetooth Audio HAL -->
        <xi:include href="bluetooth_audio_policy_configuration.xml"/>
    </modules>
    <!-- End of Modules section -->

    <!-- Volume section -->

    <xi:include href="audio_policy_volumes.xml"/>
    <xi:include href="default_volume_tables.xml"/>

    <!-- End of Volume section -->
</audioPolicyConfiguration>
