<?xml version="1.0" encoding="UTF-8"?>
<!-- Volume section defines a volume curve for a given use case and device category.
It contains a list of points of this curve expressing the attenuation in Millibels for a given
volume index from 0 to 100.
<volume stream=”AUDIO_STREAM_MUSIC” deviceCategory=””>
<point>0,-9600</point>
<point>100,0</point>
</volume>
-->
<volumes>
    <volume stream="AUDIO_STREAM_VOICE_CALL" deviceCategory="DEVICE_CATEGORY_HEADSET"
                                             ref="DEFAULT_VOICE_VOLUME_CURVE"/>
    <volume stream="AUDIO_STREAM_VOICE_CALL" deviceCategory="DEVICE_CATEGORY_SPEAKER">
		<point>0,-3000</point>
		<point>25,-2500</point>
        <point>37,-2100</point>
		<point>50,-1800</point>
		<point>63,-1500</point>
		<point>75,-1200</point>
        <point>87,-900</point>
        <point>100,0</point>
    </volume>
    <volume stream="AUDIO_STREAM_VOICE_CALL" deviceCategory="DEVICE_CATEGORY_EARPIECE">
		<point>0,-2500</point>
		<point>25,-1880</point>
        <point>37,-1450</point>
		<point>50,-1250</point>
		<point>63,-900</point>
		<point>75,-650</point>
        <point>87,-350</point>
        <point>100,0</point>
    </volume>
    <volume stream="AUDIO_STREAM_VOICE_CALL" deviceCategory="DEVICE_CATEGORY_EXT_MEDIA"
                                             ref="DEFAULT_MEDIA_VOLUME_CURVE"/>
    <volume stream="AUDIO_STREAM_SYSTEM" deviceCategory="DEVICE_CATEGORY_HEADSET">
        <point>1,-3000</point>
        <point>33,-2600</point>
        <point>66,-2200</point>
        <point>100,-1800</point>
    </volume>
    <volume stream="AUDIO_STREAM_SYSTEM" deviceCategory="DEVICE_CATEGORY_SPEAKER">
        <point>1,-3600</point>
        <point>33,-2700</point>
        <point>66,-1800</point>
        <point>100,-900</point>
    </volume>
    <volume stream="AUDIO_STREAM_SYSTEM" deviceCategory="DEVICE_CATEGORY_EARPIECE"
                                         ref="DEFAULT_SYSTEM_VOLUME_CURVE"/>
    <volume stream="AUDIO_STREAM_SYSTEM" deviceCategory="DEVICE_CATEGORY_EXT_MEDIA"
                                         ref="DEFAULT_DEVICE_CATEGORY_EXT_MEDIA_VOLUME_CURVE"/>
    <volume stream="AUDIO_STREAM_RING" deviceCategory="DEVICE_CATEGORY_HEADSET"
                                       ref="DEFAULT_DEVICE_CATEGORY_HEADSET_VOLUME_CURVE"/>
    <volume stream="AUDIO_STREAM_RING" deviceCategory="DEVICE_CATEGORY_SPEAKER"
                                       ref="SONIFICATION_CATEGORY_SPEAKER_VOLUME_CURVE"/>
    <volume stream="AUDIO_STREAM_RING" deviceCategory="DEVICE_CATEGORY_EARPIECE"
                                       ref="DEFAULT_DEVICE_CATEGORY_EARPIECE_VOLUME_CURVE"/>
    <volume stream="AUDIO_STREAM_RING" deviceCategory="DEVICE_CATEGORY_EXT_MEDIA"
                                       ref="SONIFICATION_CATEGORY_EXT_MEDIA_VOLUME_CURVE"/>
    <volume stream="AUDIO_STREAM_MUSIC" deviceCategory="DEVICE_CATEGORY_HEADSET"
                                        ref="DEFAULT_MEDIA_VOLUME_CURVE"/>
    <volume stream="AUDIO_STREAM_MUSIC" deviceCategory="DEVICE_CATEGORY_SPEAKER"
                                        ref="DEFAULT_DEVICE_CATEGORY_SPEAKER_VOLUME_CURVE"/>
    <volume stream="AUDIO_STREAM_MUSIC" deviceCategory="DEVICE_CATEGORY_EARPIECE"
                                        ref="DEFAULT_MEDIA_VOLUME_CURVE"/>
    <volume stream="AUDIO_STREAM_MUSIC" deviceCategory="DEVICE_CATEGORY_EXT_MEDIA"
                                        ref="DEFAULT_MEDIA_VOLUME_CURVE"/>
    <volume stream="AUDIO_STREAM_ALARM" deviceCategory="DEVICE_CATEGORY_HEADSET"
                                        ref="DEFAULT_DEVICE_CATEGORY_HEADSET_VOLUME_CURVE"/>
    <volume stream="AUDIO_STREAM_ALARM" deviceCategory="DEVICE_CATEGORY_SPEAKER"
                                        ref="SONIFICATION_CATEGORY_SPEAKER_VOLUME_CURVE"/>
    <volume stream="AUDIO_STREAM_ALARM" deviceCategory="DEVICE_CATEGORY_EARPIECE"
                                        ref="DEFAULT_DEVICE_CATEGORY_EARPIECE_VOLUME_CURVE"/>
    <volume stream="AUDIO_STREAM_ALARM" deviceCategory="DEVICE_CATEGORY_EXT_MEDIA"
                                        ref="SONIFICATION_CATEGORY_EXT_MEDIA_VOLUME_CURVE"/>
    <volume stream="AUDIO_STREAM_NOTIFICATION" deviceCategory="DEVICE_CATEGORY_HEADSET"
                                               ref="DEFAULT_DEVICE_CATEGORY_HEADSET_VOLUME_CURVE"/>
    <volume stream="AUDIO_STREAM_NOTIFICATION" deviceCategory="DEVICE_CATEGORY_SPEAKER">
        <point>1,-3500</point>
        <point>33,-2100</point>
        <point>66,-1300</point>
        <point>100,-500</point>
    </volume>
    <volume stream="AUDIO_STREAM_NOTIFICATION" deviceCategory="DEVICE_CATEGORY_EARPIECE"
                                               ref="DEFAULT_DEVICE_CATEGORY_EARPIECE_VOLUME_CURVE"/>
    <volume stream="AUDIO_STREAM_NOTIFICATION" deviceCategory="DEVICE_CATEGORY_EXT_MEDIA"
                                               ref="SONIFICATION_CATEGORY_EXT_MEDIA_VOLUME_CURVE"/>
    <volume stream="AUDIO_STREAM_BLUETOOTH_SCO" deviceCategory="DEVICE_CATEGORY_HEADSET"
                                                ref="DEFAULT_VOICE_VOLUME_CURVE"/>
    <volume stream="AUDIO_STREAM_BLUETOOTH_SCO" deviceCategory="DEVICE_CATEGORY_SPEAKER"
                                                ref="DEFAULT_VOICE_VOLUME_CURVE"/>
    <volume stream="AUDIO_STREAM_BLUETOOTH_SCO" deviceCategory="DEVICE_CATEGORY_EARPIECE"
                                                ref="DEFAULT_VOICE_VOLUME_CURVE"/>
    <volume stream="AUDIO_STREAM_BLUETOOTH_SCO" deviceCategory="DEVICE_CATEGORY_EXT_MEDIA"
                                                ref="DEFAULT_MEDIA_VOLUME_CURVE"/>
    <volume stream="AUDIO_STREAM_ENFORCED_AUDIBLE" deviceCategory="DEVICE_CATEGORY_HEADSET"
                                                   ref="DEFAULT_SYSTEM_VOLUME_CURVE"/>
    <volume stream="AUDIO_STREAM_ENFORCED_AUDIBLE" deviceCategory="DEVICE_CATEGORY_SPEAKER"
                                                   ref="DEFAULT_SYSTEM_VOLUME_CURVE"/>
    <volume stream="AUDIO_STREAM_ENFORCED_AUDIBLE" deviceCategory="DEVICE_CATEGORY_EARPIECE"
                                                   ref="DEFAULT_SYSTEM_VOLUME_CURVE"/>
    <volume stream="AUDIO_STREAM_ENFORCED_AUDIBLE" deviceCategory="DEVICE_CATEGORY_EXT_MEDIA"
                                                   ref="SONIFICATION_CATEGORY_EXT_MEDIA_VOLUME_CURVE"/>
    <volume stream="AUDIO_STREAM_DTMF" deviceCategory="DEVICE_CATEGORY_HEADSET">
        <point>1,-3000</point>
        <point>33,-2600</point>
        <point>66,-2200</point>
        <point>100,-1800</point>
    </volume>
    <volume stream="AUDIO_STREAM_DTMF" deviceCategory="DEVICE_CATEGORY_SPEAKER">
        <point>1,-3800</point>
        <point>33,-2800</point>
        <point>66,-2000</point>
        <point>100,-1300</point>
    </volume>
    <volume stream="AUDIO_STREAM_DTMF" deviceCategory="DEVICE_CATEGORY_EARPIECE">
        <point>1,-2700</point>
        <point>33,-1600</point>
        <point>66,-700</point>
        <point>100,0</point>
    </volume>
	<volume stream="AUDIO_STREAM_DTMF" deviceCategory="DEVICE_CATEGORY_EXT_MEDIA"
                                       ref="DEFAULT_DEVICE_CATEGORY_EXT_MEDIA_VOLUME_CURVE"/>
    <volume stream="AUDIO_STREAM_TTS" deviceCategory="DEVICE_CATEGORY_HEADSET"
                                      ref="SILENT_VOLUME_CURVE"/>
    <volume stream="AUDIO_STREAM_TTS" deviceCategory="DEVICE_CATEGORY_SPEAKER"
                                      ref="FULL_SCALE_VOLUME_CURVE"/>
    <volume stream="AUDIO_STREAM_TTS" deviceCategory="DEVICE_CATEGORY_EARPIECE"
                                      ref="SILENT_VOLUME_CURVE"/>
    <volume stream="AUDIO_STREAM_TTS" deviceCategory="DEVICE_CATEGORY_EXT_MEDIA"
                                      ref="SILENT_VOLUME_CURVE"/>
    <volume stream="AUDIO_STREAM_ACCESSIBILITY" deviceCategory="DEVICE_CATEGORY_HEADSET"
                                                ref="DEFAULT_MEDIA_VOLUME_CURVE"/>
    <volume stream="AUDIO_STREAM_ACCESSIBILITY" deviceCategory="DEVICE_CATEGORY_SPEAKER"
                                                ref="DEFAULT_DEVICE_CATEGORY_SPEAKER_VOLUME_CURVE"/>
    <volume stream="AUDIO_STREAM_ACCESSIBILITY" deviceCategory="DEVICE_CATEGORY_EARPIECE"
                                                ref="DEFAULT_MEDIA_VOLUME_CURVE"/>
    <volume stream="AUDIO_STREAM_ACCESSIBILITY" deviceCategory="DEVICE_CATEGORY_EXT_MEDIA"
                                                ref="DEFAULT_MEDIA_VOLUME_CURVE"/>
    <volume stream="AUDIO_STREAM_REROUTING" deviceCategory="DEVICE_CATEGORY_HEADSET"
                                            ref="FULL_SCALE_VOLUME_CURVE"/>
    <volume stream="AUDIO_STREAM_REROUTING" deviceCategory="DEVICE_CATEGORY_SPEAKER"
                                            ref="FULL_SCALE_VOLUME_CURVE"/>
    <volume stream="AUDIO_STREAM_REROUTING" deviceCategory="DEVICE_CATEGORY_EARPIECE"
                                            ref="FULL_SCALE_VOLUME_CURVE"/>
    <volume stream="AUDIO_STREAM_REROUTING" deviceCategory="DEVICE_CATEGORY_EXT_MEDIA"
                                            ref="FULL_SCALE_VOLUME_CURVE"/>
    <volume stream="AUDIO_STREAM_PATCH" deviceCategory="DEVICE_CATEGORY_HEADSET"
                                        ref="FULL_SCALE_VOLUME_CURVE"/>
    <volume stream="AUDIO_STREAM_PATCH" deviceCategory="DEVICE_CATEGORY_SPEAKER"
                                        ref="FULL_SCALE_VOLUME_CURVE"/>
    <volume stream="AUDIO_STREAM_PATCH" deviceCategory="DEVICE_CATEGORY_EARPIECE"
                                        ref="FULL_SCALE_VOLUME_CURVE"/>
    <volume stream="AUDIO_STREAM_PATCH" deviceCategory="DEVICE_CATEGORY_EXT_MEDIA"
                                        ref="FULL_SCALE_VOLUME_CURVE"/>
</volumes>
