<?xml version="1.0" encoding="UTF-8"?>
<!-- Default Volume Tables included by Audio Policy Configuration file -->
<!-- Full Default Volume table for all device category -->
<volumes>
    <reference name="FULL_SCALE_VOLUME_CURVE">
    <!-- Full Scale reference Volume Curve -->
        <point>0,0</point>
        <point>100,0</point>
    </reference>
    <reference name="SILENT_VOLUME_CURVE">
        <point>0,-9600</point>
        <point>100,-9600</point>
    </reference>
    <reference name="SONIFICATION_CATEGORY_EXT_MEDIA_VOLUME_CURVE">
    <!-- Ext Media Sonification reference Volume Curve -->
        <point>1,-4800</point>
        <point>20,-4000</point>
        <point>60,-2100</point>
        <point>100,-1000</point>
    </reference>
    <reference name="SONIFICATION_CATEGORY_SPEAKER_VOLUME_CURVE">
    <!-- Speaker Sonification reference Volume Curve -->
        <point>1,-3900</point>
        <point>33,-2600</point>
        <point>66,-1300</point>
        <point>100,0</point>
    </reference>
    <reference name="NOTIFICATION_CATEGORY_SPEAKER_VOLUME_CURVE">
    <!-- Speaker Sonification reference Volume Curve -->
        <point>1,-5300</point>
        <point>70,-2390</point>
        <point>84,-1010</point>
        <point>100,0</point>
    </reference>
    <reference name="DEFAULT_SYSTEM_VOLUME_CURVE">
    <!-- Default System reference Volume Curve -->
        <point>1,-3800</point>
        <point>33,-3300</point>
        <point>66,-2800</point>
        <point>100,-2300</point>
    </reference>
    <reference name="DEFAULT_MEDIA_VOLUME_CURVE">
    <!-- Default Media reference Volume Curve -->
        <point>1,-5400</point>
        <point>34,-3600</point>
        <point>67,-1800</point>
        <point>100,0</point>
    </reference>
    <reference name="DEFAULT_VOICE_VOLUME_CURVE">
    <!-- Default Voice reference Volume Curve -->
        <point>0,-2100</point>
        <point>33,-1400</point>
        <point>66,-700</point>
        <point>100,0</point>
    </reference>
    <reference name="DEFAULT_DEVICE_CATEGORY_HEADSET_VOLUME_CURVE">
    <!--Default Volume Curve -->
        <point>1,-4950</point>
        <point>33,-3350</point>
        <point>66,-1700</point>
        <point>100,0</point>
    </reference>
    <reference name="DEFAULT_DEVICE_CATEGORY_SPEAKER_VOLUME_CURVE">
    <!-- Default is Speaker Media Volume Curve -->
        <point>1,-5600</point>
		<point>13,-4200</point>
		<point>20,-3900</point>
		<point>27,-3400</point>
        <point>33,-3100</point>
		<point>40,-2800</point>
		<point>47,-2500</point>
        <point>50,-2200</point>
		<point>60,-1900</point>
        <point>66,-1650</point>
		<point>73,-1450</point>
        <point>80,-1250</point>
		<point>86,-1050</point>
        <point>90,-850</point>
        <point>100,0</point>
    </reference>
    <reference name="DEFAULT_DEVICE_CATEGORY_EARPIECE_VOLUME_CURVE">
    <!--Default Volume Curve -->
        <point>1,-4950</point>
        <point>33,-3350</point>
        <point>66,-1700</point>
        <point>100,0</point>
    </reference>
    <reference name="DEFAULT_DEVICE_CATEGORY_EXT_MEDIA_VOLUME_CURVE">
    <!-- Default is Ext Media System Volume Curve -->
        <point>1,-5800</point>
        <point>20,-4000</point>
        <point>60,-2100</point>
        <point>100,-1000</point>
    </reference>
</volumes>
